first_name, last_name, age
Olivia, Brown, 16
Ethan, Miller, 16
Sophia, Garcia, 16
Noah, Jackson, 16
Ava, Rodriguez, 16
William, Davis, 16
Mia, Hernandez, 16
Liam, Lopez, 16
Evelyn, Gonzalez, 16
James, Wilson, 16
Isabella, Moore, 16
Benjamin, Lewis, 16
Charlotte, Clark, 16
Lucas, Robinson, 16
Amelia, Walker, 16
Mason, Allen, 16
Harper, Young, 16
Aaden, Scott, 16
Abigail, Wright, 16
Daniel, Torres, 16
Emily, Nguyen, 16
Elijah, Carter, 16
Amelia, Johnson, 16
Michael, Garcia, 16
Sofia, Hernandez, 16
Matthew, Miller, 16
Chloe, Davis, 16
Andrew, Rodriguez, 16
Ella, Anderson, 16
Joseph, Thomas, 16
Evelyn, Jackson, 16
Logan, Young, 16
Hailey, Lee, 16
David, Allen, 16
Layla, Hernandez, 16
Gabriel, King, 16
Madison, Wright, 16
William, Lopez, 16
Aurora, Lopez, 16
Christopher, Hernandez, 16
Ava, Young, 16
Alexander, Garcia, 16
Mia, Walker, 16
Anthony, Johnson, 16
Olivia, Thomas, 16
Daniel, Allen, 16
Sophia, Moore, 16
Ethan, Robinson, 16
Emily, Miller, 16
Benjamin, Davis, 16
Charlotte, King, 16
Lucas, Lopez, 16
Ava, Hernandez, 16
William, Wright, 16
James, Thomas, 16
Isabella, Allen, 16
Matthew, Rodriguez, 16
Amelia, Garcia, 16
Joseph, Young, 16
Evelyn, Moore, 16
David, King, 16
Mia, Lopez, 16
Michael, Walker, 16
Abigail, Hernandez, 16
Gabriel, Allen, 16
Harper, Wright, 16
Aaden, Young, 16
Sophia, Thomas, 16
Noah, Robinson, 16
Olivia, Miller, 16
Lucas, Davis, 16
